Date detected,Infected Premises (IP) location Question,Province,Premises type Question,WOAH premises classification Question,Primary control zone (PCZ) Question - Map,Status of order declaring PCZ
"January 8, 2026",BC-IP277  Capital Regional District quarantine,British Columbia,non-commercial,poultry,To be determined,To be determined
"December 30, 2025",ON-IP71  Municipality of North Perth quarantine,Ontario,commercial,poultry,PCZ-315,Active
"December 23, 2025",QC-IP68  Pierre-De Saurel Regional County Municipality quarantine,Quebec,non-commercial,non-poultry,,
"December 21, 2025",ON-IP70  Municipality of North Perth quarantine,Ontario,commercial,poultry,PCZ-315,Active
"December 19, 2025",BC-IP275  City of Abbotsford quarantine,British Columbia,commercial,poultry,PCZ-FV6,Active
"December 19, 2025",BC-IP276  City of Abbotsford quarantine,British Columbia,commercial,poultry,PCZ-FV5,Active
"December 19, 2025",ON-IP69  Municipality of North Perth quarantine,Ontario,commercial,poultry,PCZ-315,Active
"December 17, 2025",BC-IP274  City of Salmon Arm quarantine,British Columbia,non-commercial,non-poultry,,
"December 15, 2025",ON-IP68  Municipality of North Perth quarantine,Ontario,commercial,poultry,PCZ-315,Active
"December 12, 2025",SK-IP60  Rural Municipality of Barrier Valley No. 397 quarantine,Saskatchewan,non-commercial,poultry,PCZ-318,Active
"December 12, 2025",QC-IP67  La Haute-Yamaska Regional County Municipality quarantine,Quebec,commercial,poultry,PCZ-314,Active
"December 11, 2025",BC-IP273  Regional District of Comox Valley quarantine,British Columbia,non-commercial,poultry,PCZ-317,Active
"December 9, 2025",AB-IP112  Foothills County quarantine,Alberta,non-commercial,non-poultry,,
"December 5, 2025",AB-IP111  Newell County No. 4 quarantine,Alberta,non-commercial,poultry,PCZ-316,Active
"December 4, 2025",BC-IP272  City of Abbotsford quarantine,British Columbia,commercial,poultry,PCZ-FV6,Active
"November 27, 2025",AB-IP110  Barrhead County No. 11 quarantine,Alberta,non-commercial,non-poultry,,
"December 2, 2025",SK-IP59  Rural Municipality of Vanscoy No. 345 quarantine,Saskatchewan,commercial,poultry,PCZ-312,Active
"December 1, 2025",MB-IP32Footnote *  Rural Municipality of De Salaberry,Manitoba,commercial,poultry,PCZ-311,Revoked
"December 1, 2025",BC-IP271  Langley Township quarantine,British Columbia,non-commercial,poultry,PCZ-FV4,Active
"November 29, 2025",BC-IP270  Langley Township quarantine,British Columbia,commercial,poultry,PCZ-FV4,Active
"November 28, 2025",BC-IP269  Thompson-Nicola regional district quarantine,British Columbia,non-commercial,non-poultry,,
"November 27, 2025",BC-IP268  Langley Township quarantine,British Columbia,non-commercial,poultry,PCZ-FV4,Active
"November 29, 2025",ON-IP67  Municipality of Strathroy-Caradoc quarantine,Ontario,commercial,poultry,PCZ-310,Active
"November 28, 2025",ON-IP66  Municipality of Strathroy-Caradoc quarantine,Ontario,commercial,poultry,PCZ-308,Active
"November 26, 2025",ON-IP65  Municipality of Strathroy-Caradoc quarantine,Ontario,commercial,poultry,PCZ-308,Active
"November 26, 2025",BC-IP267Footnote *  Cariboo Regional District,British Columbia,non-commercial,poultry,PCZ-309,Revoked
"November 22, 2025",ON-IP64  Municipality of Strathroy-Caradoc quarantine,Ontario,commercial,poultry,PCZ-302,Active
"November 21, 2025",AB-IP109  Grande Prairie County No. 1 quarantine,Alberta,non-commercial,poultry,PCZ-313,Active
"November 21, 2025",AB-IP107  Sturgeon County quarantine,Alberta,non-commercial,non-poultry,,
"November 21, 2025",AB-IP108  Municipal District of Taber quarantine,Alberta,commercial,poultry,PCZ-307,Active
"November 21, 2025",SK-IP58  Rural Municipality of Ituna Bon Accord No. 246 quarantine,Saskatchewan,non-commercial,non-poultry,,
"November 19, 2025",AB-IP106  Strathcona County quarantine,Alberta,commercial,poultry,PCZ-306,Revoked
"November 18, 2025",QC-IP66  La Vallée-de-l'Or Regional County Municipality quarantine,Quebec,commercial,poultry,PCZ-304,Active
"November 16, 2025",AB-IP105Footnote *  Lethbridge County,Alberta,commercial,poultry,PCZ-303,Revoked
"November 14, 2025",BC-IP266  District of Summerland quarantine,British Columbia,non-commercial,non-poultry,,
"November 14, 2025",ON-IP63  Municipality of Strathroy-Caradoc quarantine,Ontario,commercial,poultry,PCZ-302,Active
"November 14, 2025",SK-IP57Footnote *  Rural municipality of Fish Creek No. 402,Saskatchewan,non-commercial,poultry,PCZ-305,Revoked
"November 13, 2025",BC-IP265  City of Abbotsford quarantine,British Columbia,commercial,poultry,PCZ-FV4,Active
"November 13, 2025",BC-IP264  City of Chilliwack quarantine,British Columbia,non-commercial,non-poultry,,
"November 12, 2025",BC-IP263Footnote *  City of Abbotsford,British Columbia,commercial,poultry,PCZ-FV4,Active
"November 12, 2025",SK-IP56Footnote *  Rural municipality of Corman Park No. 344,Saskatchewan,commercial,poultry,PCZ-301,Revoked
"November 10, 2025",BC-IP262  City of Abbotsford quarantine,British Columbia,commercial,poultry,PCZ-FV4,Active
"November 8, 2025",BC-IP261Footnote *  City of Richmond,British Columbia,commercial,poultry,PCZ-FV1,Revoked
"November 7, 2025",BC-IP260Footnote *  City of Chilliwack,British Columbia,commercial,poultry,PCZ-FV7,Active
"November 7, 2025",BC-IP259Footnote *  Regional District of Nanaimo,British Columbia,non-commercial,non-poultry,,
"November 7, 2025",BC-IP258  City of Chilliwack quarantine,British Columbia,commercial,poultry,PCZ-FV7,Active
"November 6, 2025",AB-IP104Footnote *  Ponoka County,Alberta,commercial,poultry,PCZ-300,Revoked
"November 5, 2025",BC-IP257Footnote *  City of Chilliwack,British Columbia,commercial,poultry,PCZ-FV6,Active
"November 4, 2025",BC-IP256Footnote *  City of Pitt Meadows,British Columbia,non-commercial,poultry,PCZ-FV11,Revoked
"November 4, 2025",QC-IP65Footnote *  Le Haut-Richelieu Regional County Municipality,Quebec,commercial,poultry,PCZ-299,Revoked
"November 4, 2025",BC-IP255  Langley Township quarantine,British Columbia,commercial,poultry,PCZ-FV4,Active
"November 3, 2025",AB-IP103  County of Wetaskiwin No. 10 quarantine,Alberta,commercial,poultry,PCZ-298,Revoked
"November 1, 2025",BC-IP254Footnote *  City of Salmon Arm,British Columbia,commercial,poultry,PCZ-297,Revoked
"October 31, 2025",AB-IP101  Municipal district of Bonnyville No. 87 quarantine,Alberta,non-commercial,non-poultry,,
"October 31, 2025",AB-IP102  Strathcona County quarantine,Alberta,non-commercial,non-poultry,,
"October 31, 2025",SK-IP55  Municipal district of Preeceville No. 334 quarantine,Saskatchewan,non-commercial,non-poultry,,
"October 31, 2025",BC-IP253Footnote *  City of Abbotsford,British Columbia,commercial,poultry,PCZ-FV4,Active
"October 30, 2025",AB-IP100Footnote *  Ponoka County,Alberta,commercial,poultry,PCZ-296,Revoked
"October 30, 2025",BC-IP252Footnote *  District of Summerland,British Columbia,non-commercial,non-poultry,,
"October 30, 2025",BC-IP251Footnote *  City of Chilliwack,British Columbia,commercial,poultry,PCZ-FV6,Active
"October 30, 2025",AB-IP99Footnote *  Sturgeon County,Alberta,commercial,poultry,PCZ-295,Revoked
"October 30, 2025",AB-IP98Footnote *  County of Wetaskiwin No. 10,Alberta,commercial,poultry,PCZ-294,Revoked
"October 29, 2025",QC-IP64Footnote *  Rouville Regional County Municipality,Quebec,non-commercial,non-poultry,,
"October 28, 2025",BC-IP250Footnote *  Langley Township,British Columbia,commercial,poultry,PCZ-FV3,Active
"October 28, 2025",AB-IP97Footnote *  Leduc County,Alberta,commercial,poultry,PCZ-293,Revoked
"October 28, 2025",BC-IP249  City of Abbotsford quarantine,British Columbia,commercial,poultry,PCZ-FV6,Active
"October 27, 2025",BC-IP248Footnote *  City of Chilliwack,British Columbia,commercial,poultry,PCZ-FV6,Active
"October 27, 2025",AB-IP96Footnote *  Strathcona County,Alberta,commercial,poultry,PCZ-292,Revoked
"October 26, 2025",BC-IP247Footnote *  City of Chilliwack,British Columbia,commercial,poultry,PCZ-FV6,Active
"October 26, 2025",SK-IP54 Footnote *  Rural Municipality of Hoodoo No. 401,Saskatchewan,commercial,poultry,PCZ-291,Revoked
"October 25, 2025",BC-IP246  City of Abbotsford quarantine,British Columbia,commercial,poultry,PCZ-FV6,Active
"October 25, 2025",BC-IP245Footnote *  City of Chilliwack,British Columbia,commercial,poultry,PCZ-FV6,Active
"October 25, 2025",MB-IP31Footnote *  Rural Municipality of Hanover,Manitoba,commercial,poultry,PCZ-290,Revoked
"October 24, 2025",BC-IP242  City of Abbotsford quarantine,British Columbia,commercial,poultry,PCZ-FV6,Active
"October 24, 2025",BC-IP243Footnote *  City of Chilliwack,British Columbia,commercial,poultry,PCZ-FV6,Active
"October 24, 2025",BC-IP244  City of Chilliwack quarantine,British Columbia,commercial,poultry,PCZ-FV6,Active
"October 23, 2025",SK-IP53 Footnote *  Rural municipality of Laird No. 404,Saskatchewan,commercial,poultry,PCZ-289,Revoked
"October 23, 2025",BC-IP241Footnote *  City of Chilliwack,British Columbia,commercial,poultry,PCZ-FV6,Active
"October 21, 2025",MB-IP30Footnote *  Rural Municipality of Hanover,Manitoba,commercial,poultry,PCZ-288,Revoked
"October 16, 2025",AB-IP95Footnote *  Rocky View County,Alberta,non-commercial,poultry,PCZ-287,Revoked
"October 16, 2025",MB-IP29Footnote *  Rural Municipality of Hanover,Manitoba,commercial,poultry,PCZ-285,Revoked
"October 16, 2025",SK-IP52Footnote *  Rural Municipality of Bayne No. 371,Saskatchewan,commercial,poultry,PCZ-286,Revoked
"October 15, 2025",QC-IP63Footnote *  Charlevoix-Est Regional County Municipality,Quebec,commercial,poultry,PCZ-284,Revoked
"October 14, 2025",BC-IP240Footnote *  City of Abbotsford,British Columbia,commercial,poultry,PCZ-FV5,Active
"October 12, 2025",QC-IP62Footnote *  Matawinie Regional County Municipality,Quebec,commercial,poultry,PCZ-283,Revoked
"October 10, 2025",MB-IP28Footnote *  Rural Municipality of Bifrost - Riverton,Manitoba,commercial,poultry,PCZ-282,Revoked
"October 10, 2025",SK-IP51  Rural municipality of Invergordon No. 430 quarantine,Saskatchewan,non-commercial,non-poultry,,
"October 8, 2025",ON-IP62Footnote *  Wellington County,Ontario,commercial,poultry,PCZ-280,Revoked
"October 9, 2025",MB-IP27Footnote *  Rural municipality of Ste. Rose,Manitoba,commercial,poultry,PCZ-281,Revoked
"October 7, 2025",QC-IP61Footnote *  D'Autray Regional County Municipality,Quebec,non-commercial,non-poultry,,
"October 6, 2025",AB-IP93Footnote *  Parkland County,Alberta,non-commercial,non-poultry,,
"October 7, 2025",AB-IP94Footnote *  County of Warner No. 5,Alberta,commercial,poultry,PCZ-279,Revoked
"October 2, 2025",AB-IP92Footnote *  County of Warner No. 5,Alberta,commercial,poultry,PCZ-278,Revoked
"October 1, 2025",SK-IP50Footnote *  Rural municipality of Humboldt No. 370,Saskatchewan,commercial,poultry,PCZ-277,Revoked
"September 15, 2025",QC-IP60 Footnote *  Brome-Missisquoi Regional County Municipality,Quebec,commercial,poultry,PCZ-276,Revoked
"September 15, 2025",AB-IP91Footnote *  Sturgeon County,Alberta,commercial,poultry,PCZ-275,Revoked
"September 10, 2025",AB-IP90Footnote *  Minburn County No. 27,Alberta,commercial,poultry,PCZ-274,Revoked
"September 9, 2025",AB-IP88  Strathcona CountyFootnote *,Alberta,commercial,poultry,PCZ-272,Revoked
"September 9, 2025",AB-IP89Footnote *  Beaver County,Alberta,commercial,poultry,PCZ-273,Revoked
"May 15, 2025",PE-IP01Footnote *  Kings County,Prince Edward Island,non-commercial,poultry,PCZ-271,Revoked
"May 12, 2025",AB-IP87  Leduc CountyFootnote *,Alberta,non-commercial,non-poultry,,
"May 6, 2025",MB-IP26Footnote *  Rural municipality Boissevain-Morton,Manitoba,non-commercial,poultry,PCZ-270,Revoked
"May 2, 2025",SK-IP49Footnote *  Rural Municipality of Lipton No. 217,Saskatchewan,non-commercial,non-poultry,,
"May 2, 2025",MB-IP25Footnote *  Rural Municipality of Wallace,Manitoba,commercial,poultry,PCZ-268,Revoked
"April 30, 2025",SK-IP48Footnote *  Rural municipality of Colonsay No. 342,Saskatchewan,non-commercial,poultry,PCZ-269,Revoked
"April 29, 2025",SK-IP47Footnote *  Rural municipality of Indian Head No. 156,Saskatchewan,non-commercial,poultry,PCZ-267,Revoked
"March 24, 2025",ON-IP61Footnote *  Township of St. Clair,Ontario,commercial,poultry,PCZ-266,Revoked
"March 21, 2025",NS-IP10Footnote *  Lunenburg County,Nova Scotia,non-commercial,poultry,PCZ-265,Revoked
"March 13, 2025",NL-IP04Footnote *  Conception Bay South,Newfoundland and Labrador,non-commercial,non-poultry,,
"March 13, 2025",ON-IP60Footnote *  Township of Enniskillen,Ontario,commercial,poultry,PCZ-264,Revoked
"March 4, 2025",NS-IP09Footnote *  Shelburne County,Nova Scotia,Non-commercial,poultry,PCZ-263,Revoked
"February 28, 2025",ON-IP59Footnote *  Municipality of Middlesex Centre,Ontario,commercial,poultry,PCZ-262,Revoked
"February 21, 2025",ON-IP58Footnote *  Township of Guelph/Eramosa,Ontario,non-commercial,non-poultry,,
"February 12, 2025",NL-IP03Footnote *  Gander Bay,Newfoundland and Labrador,non-commercial,poultry,PCZ-261,Revoked
"January 30, 2025",QC-IP59Footnote *  Matawinie Regional County Municipality,Quebec,commercial,poultry,PCZ-260,Revoked
"January 11, 2025",BC-IP239Footnote *  City of Abbotsford,British Columbia,commercial,poultry,PCZ FV4,Revoked
"January 11, 2025",BC-IP238Footnote *  City of Abbotsford,British Columbia,commercial,poultry,PCZ FV5,Revoked
"January 10, 2025",ON-IP57Footnote *  Township of Puslinch,Ontario,commercial,poultry,PCZ-259,Revoked
"January 5, 2025",BC-IP237Footnote *  City of Abbotsford,British Columbia,commercial,poultry,PCZ FV4,Revoked
"January 4, 2025",BC-IP236Footnote *  City of Abbotsford,British Columbia,commercial,poultry,PCZ FV4,Revoked
"January 3, 2025",ON-IP56Footnote *  Municipality of North Middlesex,Ontario,commercial,poultry,PCZ-258,Revoked
"January 1, 2025",BC-IP235Footnote *  City of Abbotsford,British Columbia,commercial,poultry,PCZ FV4,Revoked
"December 31, 2024",BC-IP234Footnote *  City of Abbotsford,British Columbia,commercial,poultry,PCZ FV5,Revoked
"December 31, 2024",BC-IP233  Regional District of Central Kootenay quarantine,British Columbia,non-commercial,poultry,PCZ-257,Revoked
"December 27, 2024",ON-IP55Footnote *  Township of Zorra,Ontario,commercial,poultry,PCZ-256,Revoked
"December 23, 2024",BC-IP232Footnote *  City of Chilliwack,British Columbia,commercial,poultry,PCZ FV6,Revoked
"December 20, 2024",ON-IP54Footnote *  Municipality of Strathroy-Caradoc,Ontario,commercial,poultry,PCZ-255,Revoked
"December 20, 2024",ON-IP53Footnote *  Township of Zorra,Ontario,commercial,poultry,PCZ-254,Revoked
"December 20, 2024",ON-IP52Footnote *  Township of Zorra,Ontario,commercial,poultry,PCZ-254,Revoked
"December 19, 2024",ON-IP51Footnote *  Township of Zorra,Ontario,commercial,poultry,PCZ-253,Revoked
"December 17, 2024",BC-IP231Footnote *  City of Chilliwack,British Columbia,commercial,poultry,PCZ FV6,Revoked
"December 14, 2024",ON-IP50Footnote *  Municipality of Strathroy-Caradoc,Ontario,commercial,poultry,PCZ-252,Revoked
"December 12, 2024",SK-IP46Footnote *  Rural Municipality of Round Hill No. 467,Saskatchewan,non-commercial,non-poultry,,
"December 13, 2024",BC-IP230Footnote *  City of Chilliwack,British Columbia,commercial,poultry,PCZ FV6,Revoked  PCZ-239 Revoked
"December 10, 2024",BC-IP229Footnote *  City of Chilliwack,British Columbia,commercial,poultry,PCZ FV7,Revoked  PCZ-236 Revoked
"December 10, 2024",BC-IP228Footnote *  City of Chilliwack,British Columbia,commercial,poultry,PCZ FV7,Revoked  PCZ-236 Revoked
"December 9, 2024",BC-IP227Footnote *  Langley Township,British Columbia,commercial,poultry,PCZ FV4,Revoked  PCZ-240 Revoked
"December 8, 2024",BC-IP226Footnote *  City of Chilliwack,British Columbia,commercial,poultry,PCZ FV6,Revoked  PCZ-248 Revoked
"December 8, 2024",BC-IP225Footnote *  City of Abbotsford,British Columbia,commercial,poultry,PCZ FV6,Revoked  PCZ-248 Revoked
"December 6, 2024",BC-IP224Footnote *  City of Chilliwack,British Columbia,commercial,poultry,PCZ FV6,Revoked  PCZ-248 Revoked
"December 4, 2024",BC-IP223Footnote *  City of Abbotsford,British Columbia,commercial,poultry,PCZ FV6,Revoked  PCZ-248 Revoked
"December 4, 2024",BC-IP222Footnote *  Fraser Valley Regional District,British Columbia,commercial,poultry,PCZ FV7,Revoked  PCZ-242 Revoked
"December 4, 2024",BC-IP221Footnote *  City of Abbotsford,British Columbia,commercial,poultry,PCZ FV4,Revoked  PCZ-240 Revoked
"December 3, 2024",BC-IP220Footnote *  City of Abbotsford,British Columbia,commercial,poultry,PCZ FV4,Revoked  PCZ-240 Revoked
"November 26, 2024",QC-IP58Footnote *  Les Maskoutains Regional County Municipality,Quebec,commercial,N/A - LPAI,PCZ-251,Revoked
"December 1, 2024",BC-IP219Footnote *  City of Abbotsford,British Columbia,commercial,poultry,PCZ FV5,Revoked  PCZ-240 Revoked
"November 30, 2024",BC-IP218Footnote *  City of Abbotsford,British Columbia,commercial,poultry,PCZ FV4,Revoked  PCZ-240 Revoked
"November 30, 2024",BC-IP217Footnote *  City of Abbotsford,British Columbia,commercial,poultry,PCZ FV4,Revoked  PCZ-240 Revoked
"November 29, 2024",BC-IP216Footnote *  City of Abbotsford,British Columbia,commercial,poultry,PCZ FV4,Revoked  PCZ-240 Revoked
"November 29, 2024",BC-IP215Footnote *  City of Abbotsford,British Columbia,commercial,poultry,PCZ FV5,Revoked  PCZ-240 Revoked
"November 28, 2024",BC-IP214Footnote *  City of Abbotsford,British Columbia,commercial,poultry,PCZ FV6,Revoked  PCZ-248 Revoked
"November 27, 2024",BC-IP213Footnote *  City of Abbotsford,British Columbia,commercial,poultry,PCZ FV4,Revoked  PCZ-240 Revoked
"November 26, 2024",MB-IP24Footnote *  Rural Municipality of Portage la Prairie,Manitoba,commercial,poultry,PCZ-250,Revoked
"November 24, 2024",BC-IP212Footnote *  City of Abbotsford,British Columbia,commercial,poultry,PCZ FV4,Revoked  PCZ-240 Revoked
"November 23, 2024",BC-IP211Footnote *  City of Abbotsford,British Columbia,commercial,poultry,PCZ FV5,Revoked  PCZ-240 Revoked
"November 23, 2024",AB-IP86 Footnote *  Sturgeon County,Alberta,non-commercial,non-poultry,,
"November 22, 2024",BC-IP210Footnote *  City of Abbotsford,British Columbia,commercial,poultry,PCZ FV5,Revoked  PCZ-240 Revoked
"November 22, 2024",BC-IP209Footnote *  City of Abbotsford,British Columbia,commercial,poultry,PCZ FV5,Revoked  PCZ-240 Revoked
"November 21, 2024",BC-IP208Footnote *  District Municipality of Saanich,British Columbia,non-commercial,poultry,PCZ-249,Revoked
"November 21, 2024",BC-IP207Footnote *  City of Chilliwack,British Columbia,non-commercial,non-poultry,,
"November 21, 2024",BC-IP206 Footnote *  City of Abbotsford,British Columbia,commercial,poultry,PCZ FV4,Revoked  PCZ-240 Revoked
"November 21, 2024",BC-IP205Footnote *  City of Abbotsford,British Columbia,commercial,poultry,PCZ FV6,Revoked  PCZ-248 Revoked
"November 20, 2024",BC-IP204 Footnote *  City of Chilliwack,British Columbia,commercial,poultry,PCZ FV6,Revoked  PCZ-239 Revoked
"November 20, 2024",BC-IP203Footnote *  City of Chilliwack,British Columbia,commercial,poultry,PCZ FV6,Revoked  PCZ-239 Revoked
"November 20, 2024",BC-IP202Footnote *  City of Abbotsford,British Columbia,commercial,poultry,PCZ FV5,Revoked  PCZ-240 Revoked
"November 20, 2024",QC-IP57Footnote *  Lotbinière Regional County Municipality,Quebec,commercial,N/A - LPAI,PCZ-247,Revoked
"November 19, 2024",BC-IP201Footnote *  City of Chilliwack,British Columbia,commercial,poultry,PCZ FV6,Revoked  PCZ-239 Revoked
"November 19, 2024",BC-IP200Footnote *  City of Abbotsford,British Columbia,commercial,poultry,PCZ FV5,Revoked  PCZ-240 Revoked
"November 18, 2024",QC-IP56Footnote *  La Vallée-du-Richelieu Regional County Municipality,Quebec,commercial,N/A - LPAI,PCZ-246,Revoked
"November 17, 2024",QC-IP55Footnote *  Les Maskoutains Regional County Municipality,Quebec,commercial,N/A - LPAI,PCZ-244,Revoked
"November 17, 2024",BC-IP199Footnote *  City of Abbotsford,British Columbia,commercial,poultry,PCZ FV5,Revoked  PCZ-240 Revoked
"November 17, 2024",BC-IP198Footnote *  City of Chilliwack,British Columbia,commercial,poultry,PCZ FV6,Revoked  PCZ-239 Revoked
"November 17, 2024",BC-IP197Footnote *  City of Abbotsford,British Columbia,commercial,poultry,PCZ FV5,Revoked  PCZ-237 Revoked
"November 17, 2024",BC-IP196Footnote *  City of Abbotsford,British Columbia,commercial,poultry,PCZ FV4,Revoked  PCZ-240 Revoked
"November 16, 2024",BC-IP195Footnote *  City of Chilliwack,British Columbia,commercial,poultry,PCZ FV6,Revoked  PCZ-239 Revoked
"November 16, 2024",BC-IP194Footnote *  City of Abbotsford,British Columbia,commercial,poultry,PCZ FV5,Revoked  PCZ-240 Revoked
"November 15, 2024",BC-IP193Footnote *  City of Abbotsford,British Columbia,commercial,poultry,PCZ FV4,Revoked  PCZ-240 Revoked
"November 15, 2024",BC-IP192Footnote *  City of Abbotsford,British Columbia,commercial,poultry,PCZ FV5,Revoked  PCZ-240 Revoked
"November 15, 2024",BC-IP191Footnote *  City of Abbotsford,British Columbia,commercial,poultry,PCZ FV5,Revoked  PCZ-240 Revoked
"November 15, 2024",BC-IP190Footnote *  Regional District of Central Kootenay,British Columbia,non-commercial,non-poultry,,
"November 15, 2024",BC-IP189Footnote *  City of Chilliwack,British Columbia,commercial,poultry,PCZ FV6,Revoked  PCZ-239 Revoked
"November 14, 2024",AB-IP85Footnote *  Special Area No. 3,Alberta,non-commercial,poultry,PCZ-245,Revoked
"November 14, 2024",BC-IP187Footnote *  City of Abbotsford,British Columbia,commercial,poultry,PCZ FV5,Revoked  PCZ-240 Revoked
"November 15, 2024",BC-IP188Footnote *  City of Abbotsford,British Columbia,commercial,poultry,PCZ FV5,Revoked  PCZ-240 Revoked
"November 12, 2024",AB-IP84Note de bas de page *  Camrose county,Alberta,commercial,poultry,PCZ-243,Revoked
"November 12, 2024",BC-IP186Footnote *  Fraser Valley Regional District,British Columbia,commercial,poultry,PCZ FV7,Revoked  PCZ-242 Revoked
"November 12, 2024",BC-IP185Footnote *  City of Abbotsford,British Columbia,commercial,poultry,PCZ FV5,Revoked  PCZ-240 Revoked
"November 12, 2024",BC-IP184Footnote *  City of Abbotsford,British Columbia,commercial,poultry,PCZ FV4,Revoked  PCZ-240 Revoked
"November 11, 2024",BC-IP183Footnote *  City of Abbotsford,British Columbia,commercial,poultry,PCZ FV4,Revoked  PCZ-240 Revoked
"November 10, 2024",BC-IP182Footnote *  City of Abbotsford,British Columbia,commercial,poultry,PCZ FV5,Revoked  PCZ-240 Revoked
"November 9, 2024",BC-IP181Footnote *  City of Chilliwack,British Columbia,commercial,poultry,PCZ FV6,Revoked  PCZ-239 Revoked
"November 9, 2024",BC-IP180Footnote *  City of Abbotsford,British Columbia,commercial,poultry,PCZ FV4,Revoked  PCZ-240 Revoked
"November 8, 2024",BC-IP179Footnote *  City of Abbotsford,British Columbia,commercial,poultry,PCZ FV5,Revoked  PCZ-240 Revoked
"November 8, 2024",AB-IP83Footnote *  Lamont County,Alberta,non-commercial,non-poultry,,
"November 8, 2024",BC-IP178Footnote *  City of Abbotsford,British Columbia,commercial,poultry,PCZ FV5,Revoked  PCZ-240 Revoked
"November 8, 2024",BC-IP177Footnote *  City of Abbotsford,British Columbia,commercial,poultry,PCZ FV5,Revoked  PCZ-240 Revoked
"November 8, 2024",BC-IP176Footnote *  City of Abbotsford,British Columbia,commercial,poultry,PCZ FV5,Revoked  PCZ-240 Revoked
"November 7, 2024",BC-IP175Footnote *  City of Abbotsford,British Columbia,commercial,poultry,PCZ FV5,Revoked  PCZ-240 Revoked
"November 7, 2024",BC-IP174Footnote *  City of Abbotsford,British Columbia,commercial,poultry,PCZ FV5,Revoked  PCZ-240 Revoked
"November 3, 2024",BC-IP173Footnote *  City of Abbotsford,British Columbia,commercial,poultry,PCZ FV4,Revoked  PCZ-240 Revoked
"November 1, 2024",BC-IP172Footnote *  Regional District of Strathcona,British Columbia,non-commercial,non-poultry,,
"November 1, 2024",BC-IP171Footnote *  City of Abbotsford,British Columbia,commercial,poultry,PCZ FV5,Revoked  PCZ-240 Revoked
"November 1, 2024",BC-IP170Footnote *  City of Abbotsford,British Columbia,commercial,poultry,PCZ FV5,Revoked  PCZ-237 Revoked
"November 1, 2024",BC-IP169Footnote *  City of Abbotsford,British Columbia,commercial,poultry,PCZ FV5,Revoked  PCZ-240 Revoked
"October 31, 2024",BC-IP168Footnote *  Regional District of Qathet,British Columbia,non-commercial,poultry,PCZ-241,Revoked
"October 31, 2024",BC-IP167Footnote *  City of Abbotsford,British Columbia,commercial,poultry,PCZ FV5,Revoked  PCZ-240 Revoked
"October 30, 2024",BC-IP166Footnote *  City of Chilliwack,British Columbia,commercial,poultry,PCZ FV7,Revoked  PCZ-236 Revoked
"October 30, 2024",BC-IP165Footnote *  City of Chilliwack,British Columbia,commercial,poultry,PCZ FV6,Revoked  PCZ-239 Revoked
"October 28, 2024",BC-IP164Footnote *  City of Abbotsford,British Columbia,commercial,poultry,PCZ FV5,Revoked  PCZ-237 Revoked
"October 27, 2024",BC-IP163Footnote *  City of Abbotsford,British Columbia,commercial,poultry,PCZ FV5,Revoked  PCZ-237 Revoked
"October 25, 2024",BC-IP162Footnote *  City of Chilliwack,British Columbia,commercial,poultry,PCZ FV7,Revoked  PCZ-236 Revoked
"October 29, 2024",SK-IP45Footnote *  Rural Municipality of Willner no. 253,Saskatchewan,commercial,poultry,PCZ-238,Revoked
"October 21, 2024",BC-IP161Footnote *  City of Abbotsford,British Columbia,commercial,poultry,PCZ FV6,Revoked  PCZ-237 Revoked
"October 21, 2024",BC-IP160Footnote *  City of Chilliwack,British Columbia,commercial,poultry,PCZ FV7,Revoked  PCZ-236 Revoked
"October 21, 2024",BC-IP159Footnote *  City of Chilliwack,British Columbia,commercial,poultry,PCZ FV7,Revoked  PCZ-236 Revoked
"February 19, 2024",AB-IP82Footnote *  Mountain View County,Alberta,commercial,poultry,PCZ-235,Revoked
"February 9, 2024",AB-IP81Footnote *  Vermilion River County,Alberta,non-commercial,poultry,PCZ-234,Revoked
"December 20, 2023",AB-IP80Footnote *  Cypress County,Alberta,non-commercial,non-poultry,,
"December 8, 2023",AB-IP79Footnote *  Municipal District of Taber,Alberta,commercial,poultry,PCZ-227,Revoked
"December 5, 2023",AB-IP78Footnote *  Municipal District of Taber,Alberta,commercial,poultry,PCZ-226,Revoked
"November 27, 2023",AB-IP77Footnote *  Lethbridge County,Alberta,commercial,poultry,PCZ-224,Revoked
"November 26, 2023",AB-IP76Footnote *  Lac Ste. Anne County,Alberta,commercial,poultry,PCZ-223,Revoked
"November 24, 2023",AB-IP75Footnote *  Municipal District of Taber,Alberta,non-commercial,poultry,PCZ-222,Revoked
"November 21, 2023",AB-IP74Footnote *  Saint Paul County,Alberta,non-commercial,non-poultry,,
"November 14, 2023",AB-IP73Footnote *  County of Vermilion River,Alberta,non-commercial,non-poultry,,
"November 9, 2023",AB-IP72Footnote *  Sturgeon County,Alberta,non-commercial,non-poultry,,
"November 6, 2023",AB-IP71Footnote *  Municipal District of Willow Creek,Alberta,commercial,poultry,PCZ-209,Revoked
"October 23, 2023",AB-IP70Footnote *  Athabasca County,Alberta,commercial,poultry,PCZ-198,Revoked
"October 18, 2023",AB-IP69Footnote *  Stettler County,Alberta,non-commercial,non-poultry,,
"October 11, 2023",AB-IP68Footnote *  Parkland County,Alberta,non-commercial,poultry,PCZ-196,Revoked
"October 6, 2023",AB-IP67Footnote *  Municipal District of Greenview,Alberta,commercial,poultry,PCZ-195,Revoked
"October 3, 2023",AB-IP66Footnote *  Cardston County,Alberta,commercial,poultry,PCZ-194,Revoked
"September 26, 2023",AB-IP65Footnote *  Strathcona County,Alberta,commercial,poultry,PCZ-193,Revoked
"September 26, 2023",AB-IP64Footnote *  Municipal District of Smoky River,Alberta,non-commercial,non-poultry,,
"September 22, 2023",AB-IP63Footnote *  Red Deer Country,Alberta,non-commercial,non-poultry,,
"September 11, 2023",AB-IP62Footnote *  Warner County,Alberta,commercial,poultry,PCZ-191,Revoked
"April 21, 2023",AB-IP61Footnote *  Lacombe County,Alberta,non-commercial,non-poultry,,
"November 22, 2022",AB-IP60Footnote *  Mountain View County,Alberta,non-commercial,poultry,PCZ-157,Revoked
"November 16, 2022",AB-IP59Footnote *  County of Forty Mile,Alberta,commercial,poultry,PCZ-147,Revoked
"November 7, 2022",AB-IP58Footnote *  Minburn County,Alberta,non-commercial,non-poultry,,
"November 3, 2022",AB-IP57Footnote *  Lethbridge County,Alberta,commercial,poultry,PCZ-144,Revoked
"October 27, 2022",AB-IP56Footnote *  Clear Hills County,Alberta,commercial,poultry,PCZ-142,Revoked
"October 26, 2022",AB-IP55Footnote *  Mountain View County,Alberta,non-commercial,non-poultry,,
"October 24, 2022",AB-IP54Footnote *  Red Deer County,Alberta,non-commercial,non-poultry,,
"October 18, 2022",AB-IP53Footnote *  Rocky View County,Alberta,non-commercial,non-poultry,,
"October 14, 2022",AB-IP52Footnote *  Lacombe County,Alberta,non-commercial,non-poultry,,
"October 13, 2022",AB-IP51Footnote *  Wetaskiwin County,Alberta,non-commercial,non-poultry,,
"October 3, 2022",AB-IP50Footnote *  Sturgeon County,Alberta,non-commercial,poultry,PCZ-113,Revoked
"September 28, 2022",AB-IP49Footnote *  Beaver County,Alberta,commercial,poultry,PCZ-106,Revoked
"September 27, 2022",AB-IP48Footnote *  Camrose County,Alberta,commercial,poultry,PCZ-102,Revoked
"September 27, 2022",AB-IP47Footnote *  Mountain View County,Alberta,non-commercial,poultry,PCZ-103,Revoked
"September 24, 2022",AB-IP46Footnote *  Sturgeon County,Alberta,non-commercial,poultry,PCZ-100,Revoked
"September 23, 2022",AB-IP45Footnote *  Municipal District of Willow Creek,Alberta,commercial,poultry,PCZ-98,Revoked
"September 21, 2022",AB-IP44Footnote *  Municipal District of Taber,Alberta,commercial,poultry,PCZ-96,Revoked
"September 20, 2022",AB-IP43Footnote *  Athabasca County,Alberta,commercial,poultry,PCZ-95,Revoked
"September 20, 2022",AB-IP42Footnote *  Municipal District of Taber,Alberta,commercial,poultry,PCZ-93,Revoked
"September 18, 2022",AB-IP41Footnote *  Smoky Lake County,Alberta,commercial,poultry,PCZ-89,Revoked
"September 17, 2022",AB-IP40Footnote *  County of Warner,Alberta,commercial,poultry,PCZ-90,Revoked
"September 16, 2022",AB-IP39Footnote *  Municipal District of Wainwright,Alberta,commercial,poultry,PCZ-88,Revoked
"September 15, 2022",AB-IP38Footnote *  Wetaskiwin County,Alberta,commercial,poultry,PCZ-86,Revoked
"September 12, 2022",AB-IP37Footnote *  Municipal District of Willow Creek,Alberta,commercial,poultry,PCZ-82,Revoked
"September 12, 2022",AB-IP36Footnote *  Starland County,Alberta,commercial,poultry,PCZ-81,Revoked
"September 4, 2022",AB-IP35Footnote *  Strathcona County,Alberta,commercial,poultry,PCZ-79,Revoked
"August 31, 2022",AB-IP34Footnote *  Sturgeon County,Alberta,commercial,poultry,PCZ-78,Revoked
"August 23, 2022",AB-IP33Footnote *  Athabasca County,Alberta,commercial,poultry,PCZ-77,Revoked
"July 28, 2022",AB-IP32Footnote *  Stettler County,Alberta,commercial,poultry,PCZ-75,Revoked
"June 2, 2022",AB-IP31Footnote *  Clear Hills County,Alberta,non-commercial,non-poultry,,
"June 2, 2022",AB-IP30Footnote *  Municipality of Wainwright,Alberta,non-commercial,non-poultry,,
"May 21, 2022",AB-IP29Footnote *  Cypress County,Alberta,non-commercial,non-poultry,,
"May 13, 2022",AB-IP28Footnote *  Municipal District of Provost,Alberta,non-commercial,non-poultry,,
"May 11, 2022",AB-IP27Footnote *  Foothills County,Alberta,non-commercial,non-poultry,,
"May 11, 2022",AB-IP26Footnote *  The County of Two Hills,Alberta,commercial,poultry,PCZ-61,Revoked
"May 11, 2022",AB-IP25Footnote *  The County of Two Hills,Alberta,non-commercial,non-poultry,,
"May 5, 2022",AB-IP24Footnote *  Newell County,Alberta,commercial,poultry,PCZ-59,Revoked
"May 1, 2022",AB-IP23Footnote *  Lethbridge County,Alberta,commercial,poultry,PCZ-50,Revoked
"May 1, 2022",AB-IP22Footnote *  Municipality of Wainright,Alberta,commercial,poultry,PCZ-49,Revoked
"May 1, 2022",AB-IP21Footnote *  County of Two Hills,Alberta,non-commercial,poultry,PCZ-48,Revoked
"April 29, 2022",AB-IP20Footnote *  Camrose County,Alberta,non-commercial,non-poultry,,
"April 27, 2022",AB-IP19Footnote *  Vermilion River County,Alberta,non-commercial,non-poultry,,
"April 25, 2022",AB-IP18Footnote *  Camrose County,Alberta,commercial,poultry,PCZ-43,Revoked
"April 24, 2022",AB-IP17Footnote *  Camrose County,Alberta,commercial,poultry,PCZ-39,Revoked
"April 23, 2022",AB-IP16Footnote *  Rocky View County,Alberta,non-commercial,non-poultry,,
"April 21, 2022",AB-IP15Footnote *  Sturgeon County,Alberta,non-commercial,non-poultry,,
"April 21, 2022",AB-IP14Footnote *  Wetaskiwin County,Alberta,commercial,poultry,PCZ-37,Revoked
"April 20, 2022",AB-IP13Footnote *  Kneehill County,Alberta,commercial,poultry,PCZ-34,Revoked
"April 15, 2022",AB-IP12Footnote *  Cardston County,Alberta,commercial,poultry,PCZ-31,Revoked
"April 14, 2022",AB-IP11Footnote *  Mountain View County,Alberta,non-commercial,poultry,PCZ-27,Revoked
"April 14, 2022",AB-IP10Footnote *  Warner County,Alberta,commercial,poultry,PCZ-26,Revoked
"April 14, 2022",AB-IP09Footnote *  Kneehill County,Alberta,commercial,poultry,PCZ-25,Revoked
"April 12, 2022",AB-IP08Footnote *  Mountain View County,Alberta,commercial,poultry,PCZ-20,Revoked
"April 11, 2022",AB-IP07Footnote *  Camrose County,Alberta,commercial,poultry,PCZ-19,Revoked
"April 10, 2022",AB-IP06Footnote *  Wetaskiwin County,Alberta,commercial,poultry,PCZ-17,Revoked
"April 9, 2022",AB-IP05Footnote *  Paintearth County,Alberta,commercial,poultry,PCZ-16,Revoked
"April 8, 2022",AB-IP04Footnote *  Kneehill County,Alberta,commercial,poultry,PCZ-15,Revoked
"April 6, 2022",AB-IP03Footnote *  Ponoka County,Alberta,commercial,poultry,PCZ-14,Revoked
"April 6, 2022",AB-IP02Footnote *  Mountain View County,Alberta,commercial,poultry,PCZ-13,Revoked
"April 6, 2022",AB-IP01Footnote *  Mountain View County,Alberta,commercial,poultry,PCZ-11,Revoked
"December 25, 2023",BC-IP158Footnote *  City of Chilliwack,British Columbia,commercial,poultry,PCZ-221,Revoked
"December 14, 2023",BC-IP157Footnote *  Regional District of North Okanagan,British Columbia,non-commercial,poultry,PCZ-228,Revoked
"December 9, 2023",BC-IP156Footnote *  Regional District of Central Okanagan,British Columbia,non-commercial,non-poultry,,
"December 9, 2023",BC-IP155Footnote *  City of Abbotsford,British Columbia,commercial,poultry,PCZ-211,Revoked
"December 3, 2023",BC-IP154Footnote *  City of Chilliwack,British Columbia,commercial,poultry,PCZ-211,Revoked
"December 1, 2023",BC-IP153Footnote *  Langley Township,British Columbia,commercial,poultry,PCZ-220,Revoked
"November 25, 2023",BC-IP152Footnote *  City of Chilliwack,British Columbia,commercial,poultry,PCZ-211,Revoked
"November 25, 2023",BC-IP151Footnote *  City of Chilliwack,British Columbia,commercial,poultry,PCZ-221,Revoked
"November 24, 2023",BC-IP150Footnote *  City of Chilliwack,British Columbia,commercial,poultry,PCZ-197,Revoked
"November 24, 2023",BC-IP149Footnote *  Langley Township,British Columbia,commercial,poultry,PCZ-220,Revoked
"November 23, 2023",BC-IP148Footnote *  City of Abbotsford,British Columbia,commercial,poultry,PCZ-206,Revoked
"November 23, 2023",BC-IP147Footnote *  City of Abbotsford,British Columbia,commercial,poultry,PCZ-206,Revoked
"November 22, 2023",BC-IP146Footnote *  City of Chilliwack,British Columbia,commercial,poultry,PCZ-199,Revoked
"November 22, 2023",BC-IP145Footnote *  City of Chilliwack,British Columbia,commercial,poultry,PCZ-211,Revoked
"November 22, 2023",BC-IP144Footnote *  City of Abbotsford,British Columbia,commercial,poultry,PCZ-206,Revoked
"November 20, 2023",BC-IP143Footnote *  City of Chilliwack,British Columbia,commercial,poultry,PCZ-199,Revoked
"November 19, 2023",BC-IP142Footnote *  City of Chilliwack,British Columbia,commercial,poultry,PCZ-211,Revoked
"November 18, 2023",BC-IP141Footnote *  City of Abbotsford,British Columbia,commercial,poultry,PCZ-206,Revoked
"November 17, 2023",BC-IP140Footnote *  City of Chilliwack,British Columbia,commercial,poultry,PCZ-199,Revoked
"November 17, 2023",BC-IP139Footnote *  City of Chilliwack,British Columbia,commercial,poultry,PCZ-197,Revoked
"November 17, 2023",BC-IP138Footnote *  City of Chilliwack,British Columbia,commercial,poultry,PCZ-199,Revoked
"November 17, 2023",BC-IP137Footnote *  City of Surrey,British Columbia,commercial,poultry,PCZ-218,Revoked
"November 15, 2023",BC-IP136Footnote *  Langley Township,British Columbia,commercial,poultry,PCZ-213,Revoked
"November 14, 2023",BC-IP135Footnote *  City of Abbotsford,British Columbia,commercial,poultry,PCZ-211,Revoked
"November 13, 2023",BC-IP134Footnote *  City of Chilliwack,British Columbia,commercial,poultry,PCZ-211,Revoked
"November 13, 2023",BC-IP133Footnote *  City of Chilliwack,British Columbia,commercial,poultry,PCZ-211,Revoked
"November 12, 2023",BC-IP132Footnote *  City of Chilliwack,British Columbia,commercial,poultry,PCZ-197,Revoked
"November 12, 2023",BC-IP131Footnote *  City of Abbotsford,British Columbia,commercial,poultry,PCZ-200,Revoked
"November 10, 2023",BC-IP130Footnote *  City of Chilliwack,British Columbia,commercial,poultry,PCZ-199,Revoked
"November 10, 2023",BC-IP129Footnote *  City of Chilliwack,British Columbia,commercial,poultry,PCZ-199,Revoked
"November 10, 2023",BC-IP128Footnote *  Langley Township,British Columbia,commercial,poultry,PCZ-207,Revoked
"November 10, 2023",BC-IP127Footnote *  City of Chilliwack,British Columbia,commercial,poultry,PCZ-197,Revoked
"November 8, 2023",BC-IP126Footnote *  Fraser Valley Regional District,British Columbia,commercial,poultry,PCZ-212,Revoked
"November 8, 2023",BC-IP125Footnote *  City of Abbotsford,British Columbia,commercial,poultry,PCZ-200,Revoked
"November 8, 2023",BC-IP124Footnote *  City of Abbotsford,British Columbia,commercial,poultry,PCZ-206,Revoked
"November 8, 2023",BC-IP123Footnote *  City of Chilliwack,British Columbia,commercial,poultry,PCZ-211,Revoked
"November 8, 2023",BC-IP122Footnote *  Langley Township,British Columbia,commercial,poultry,PCZ-213,Revoked
"November 8, 2023",BC-IP121Footnote *  Town of Qualicum Beach,British Columbia,non-commercial,poultry,PCZ-215,Revoked
"November 7, 2023",BC-IP120Footnote *  Thompson-Nicola Regional District,British Columbia,non-commercial,non-poultry,,
"November 7, 2023",BC-IP119Footnote *  City of Chilliwack,British Columbia,commercial,poultry,PCZ-197,Revoked
"November 7, 2023",BC-IP118Footnote *  Regional District of Mount Waddington,British Columbia,non-commercial,non-poultry,,
"November 7, 2023",BC-IP117Footnote *  City of Chilliwack,British Columbia,commercial,poultry,PCZ-211,Revoked
"November 7, 2023",BC-IP116Footnote *  City of Abbotsford,British Columbia,commercial,poultry,PCZ-211,Revoked
"November 7, 2023",BC-IP115Footnote *  City of Chilliwack,British Columbia,commercial,poultry,PCZ-211,Revoked
"November 7, 2023",BC-IP114Footnote *  City of Chilliwack,British Columbia,commercial,poultry,PCZ-197,Revoked
"November 7, 2023",BC-IP113Footnote *  Fraser Valley Regional District,British Columbia,commercial,poultry,PCZ-212,Revoked
"November 7, 2023",BC-IP112Footnote *  District of Kent,British Columbia,commercial,poultry,PCZ-210,Revoked
"November 4, 2023",BC-IP111Footnote *  Langley Township,British Columbia,commercial,poultry,PCZ-207,Revoked
"November 4, 2023",BC-IP110Footnote *  City of Abbotsford,British Columbia,commercial,poultry,PCZ-206,Revoked
"November 2, 2023",BC-IP109Footnote *  City of Chilliwack,British Columbia,commercial,poultry,PCZ-197,Revoked
"October 26, 2023",BC-IP108Footnote *  City of Chilliwack,British Columbia,commercial,poultry,PCZ-197,Revoked
"October 25, 2023",BC-IP107Footnote *  City of Abbotsford,British Columbia,commercial,poultry,PCZ-200,Revoked
"October 24, 2023",BC-IP106Footnote *  City of Chilliwack,British Columbia,commercial,poultry,PCZ-199,Revoked
"October 20, 2023",BC-IP105Footnote *  City of Chilliwack,British Columbia,commercial,poultry,PCZ-197,Revoked
"April 29, 2023",BC-IP104Footnote *  City of Chilliwack,British Columbia,commercial,poultry,PCZ-189,Revoked
"January 22, 2023",BC-IP103Footnote *  City of Chilliwack,British Columbia,commercial,poultry,PCZ-153,Revoked
"January 18, 2023",BC-IP102Footnote *  City of Chilliwack,British Columbia,commercial,poultry,PCZ-153,Revoked
"January 14, 2023",BC-IP101Footnote *  City of Chilliwack,British Columbia,commercial,poultry,PCZ-153,Revoked
"January 13, 2023",BC-IP100Footnote *  City of Abbotsford,British Columbia,commercial,poultry,PCZ-153,Revoked
"January 11, 2023",BC-IP099Footnote *  City of Chilliwack,British Columbia,commercial,poultry,PCZ-153,Revoked
"January 7, 2023",BC-IP098Footnote *  City of Chilliwack,British Columbia,commercial,poultry,PCZ-153,Revoked
"January 6, 2023",BC-IP097Footnote *  Alberni-Clayoquot Regional District,British Columbia,non-commercial,poultry,PCZ-171,Revoked
"January 6, 2023",BC-IP096Footnote *  District of Tofino,British Columbia,non-commercial,poultry,PCZ-170,Revoked
"December 29, 2022",BC-IP095Footnote *  District of Summerland,British Columbia,non-commercial,poultry,PCZ-169,Revoked
"December 28, 2022",BC-IP094Footnote *  City of Chilliwack,British Columbia,commercial,poultry,PCZ-153,Revoked
"December 27, 2022",BC-IP093Footnote *  City of Chilliwack,British Columbia,commercial,poultry,PCZ-153,Revoked
"December 23, 2022",BC-IP092Footnote *  City of Abbotsford,British Columbia,commercial,poultry,PCZ-162,Revoked
"December 23, 2022",BC-IP091Footnote *  City of Delta,British Columbia,non-commercial,poultry,PCZ-168,Revoked
"December 22, 2022",BC-IP090Footnote *  City of Abbotsford,British Columbia,commercial,poultry,PCZ-158,Revoked
"December 20, 2022",BC-IP089Footnote *  Langley Township,British Columbia,commercial,poultry,PCZ-166,Revoked
"December 20, 2022",BC-IP088Footnote *  Langley Township,British Columbia,commercial,poultry,PCZ-166,Revoked
"December 18, 2022",BC-IP087Footnote *  City of Abbotsford,British Columbia,commercial,poultry,PCZ-162,Revoked
"December 15, 2022",BC-IP086Footnote *  City of Chilliwack,British Columbia,commercial,poultry,PCZ-153,Revoked
"December 13, 2022",BC-IP085Footnote *  Langley Township,British Columbia,commercial,poultry,PCZ-166,Revoked
"December 13, 2022",BC-IP084Footnote *  City of Abbotsford,British Columbia,commercial,poultry,PCZ-148,Revoked
"December 12, 2022",BC-IP083Footnote *  City of Abbotsford,British Columbia,commercial,poultry,PCZ-161,Revoked
"December 11, 2022",BC-IP082Footnote *  City of Abbotsford,British Columbia,commercial,poultry,PCZ-161,Revoked
"December 10, 2022",BC-IP081Footnote *  City of Abbotsford,British Columbia,commercial,poultry,PCZ-161,Revoked
"December 10, 2022",BC-IP080Footnote *  City of Abbotsford,British Columbia,commercial,poultry,PCZ-162,Revoked
"December 10, 2022",BC-IP079Footnote *  City of Chilliwack,British Columbia,commercial,poultry,PCZ-153,Revoked
"December 9, 2022",BC-IP078Footnote *  Langley Township,British Columbia,commercial,poultry,PCZ-165,Revoked
"December 9, 2022",BC-IP077Footnote *  City of Abbotsford,British Columbia,commercial,poultry,PCZ-148,Revoked
"December 9, 2022",BC-IP076Footnote *  City of Abbotsford,British Columbia,commercial,poultry,PCZ-162,Revoked
"December 7, 2022",BC-IP075Footnote *  City of Chilliwack,British Columbia,commercial,poultry,PCZ-153,Revoked
"December 7, 2022",BC-IP074Footnote *  City of Abbotsford,British Columbia,commercial,poultry,PCZ-153,Revoked
"December 7, 2022",BC-IP073Footnote *  City of Abbotsford,British Columbia,commercial,poultry,PCZ-152,Revoked
"December 7, 2022",BC-IP072Footnote *  Langley Township,British Columbia,commercial,poultry,PCZ-164,Revoked
"December 6, 2022",BC-IP071Footnote *  City of Abbotsford,British Columbia,commercial,poultry,PCZ-148,Revoked
"December 6, 2022",BC-IP070Footnote *  Langley Township,British Columbia,commercial,poultry,PCZ-161,Revoked
"December 6, 2022",BC-IP069Footnote *  City of Abbotsford,British Columbia,commercial,poultry,PCZ-148,Revoked
"December 5, 2022",BC-IP068Footnote *  City of Abbotsford,British Columbia,commercial,poultry,PCZ-153,Revoked
"December 4, 2022",BC-IP067Footnote *  City of Abbotsford,British Columbia,commercial,poultry,PCZ-158,Revoked
"December 4, 2022",BC-IP066Footnote *  City of Abbotsford,British Columbia,commercial,poultry,PCZ-158,Revoked
"December 3, 2022",BC-IP065Footnote *  City of Abbotsford,British Columbia,commercial,poultry,PCZ-148,Revoked
"December 2, 2022",BC-IP064Footnote *  City of Abbotsford,British Columbia,commercial,poultry,PCZ-153,Revoked
"December 3, 2022",BC-IP063Footnote *  City of Abbotsford,British Columbia,commercial,poultry,PCZ-162,Revoked
"December 2, 2022",BC-IP062Footnote *  City of Abbotsford,British Columbia,commercial,poultry,PCZ-161,Revoked
"December 1, 2022",BC-IP061Footnote *  City of Abbotsford,British Columbia,commercial,poultry,PCZ-153,Revoked
"November 30, 2022",BC-IP060Footnote *  City of Chilliwack,British Columbia,commercial,poultry,PCZ-153,Revoked
"November 29, 2022",BC-IP059Footnote *  City of Abbotsford,British Columbia,commercial,poultry,PCZ-161,Revoked
"November 26, 2022",BC-IP058Footnote *  City of Chilliwack,British Columbia,commercial,poultry,PCZ-153,Revoked
"November 27, 2022",BC-IP057Footnote *  City of Abbotsford,British Columbia,commercial,poultry,PCZ-148,Revoked
"November 27, 2022",BC-IP056Footnote *  City of Abbotsford,British Columbia,commercial,poultry,PCZ-151,Revoked
"November 27, 2022",BC-IP055Footnote *  City of Chilliwack,British Columbia,commercial,poultry,PCZ-159,Revoked
"November 27, 2022",BC-IP054Footnote *  City of Chilliwack,British Columbia,commercial,poultry,PCZ-153,Revoked
"November 27, 2022",BC-IP053Footnote *  City of Chilliwack,British Columbia,commercial,poultry,PCZ-153,Revoked
"November 26, 2022",BC-IP052Footnote *  City of Abbotsford,British Columbia,commercial,poultry,PCZ-152,Revoked
"November 26, 2022",BC-IP051Footnote *  City of Abbotsford,British Columbia,commercial,poultry,PCZ-151,Revoked
"November 26, 2022",BC-IP050Footnote *  City of Chilliwack,British Columbia,commercial,poultry,PCZ-153,Revoked
"November 26, 2022",BC-IP049Footnote *  City of Abbotsford,British Columbia,commercial,poultry,PCZ-152,Revoked
"November 25, 2022",BC-IP048Footnote *  City of Abbotsford,British Columbia,commercial,poultry,PCZ-158,Revoked
"November 25, 2022",BC-IP047Footnote *  City of Abbotsford,British Columbia,commercial,poultry,PCZ-148,Revoked
"November 26, 2022",BC-IP046Footnote *  City of Chilliwack,British Columbia,commercial,poultry,PCZ-153,Revoked
"November 24, 2022",BC-IP044Footnote *  City of Chilliwack,British Columbia,commercial,poultry,PCZ-153,Revoked
"November 24, 2022",BC-IP045Footnote *  City of Abbotsford,British Columbia,commercial,poultry,PCZ-148,Revoked
"November 23, 2022",BC-IP043Footnote *  City of Abbotsford,British Columbia,commercial,poultry,PCZ-149,Revoked
"November 22, 2022",BC-IP042Footnote *  City of Abbotsford,British Columbia,commercial,poultry,PCZ-149,Revoked
"November 22, 2022",BC-IP041Footnote *  City of Chilliwack,British Columbia,commercial,poultry,PCZ-153,Revoked
"November 22, 2022",BC-IP040Footnote *  City of Abbotsford,British Columbia,commercial,poultry,PCZ-149,Revoked
"November 22, 2022",BC-IP039Footnote *  District of Kent,British Columbia,commercial,poultry,PCZ-156,Revoked
"November 22, 2022",BC-IP038Footnote *  City of Chilliwack,British Columbia,commercial,poultry,PCZ-153,Revoked
"November 21, 2022",BC-IP037Footnote *  City of Abbotsford,British Columbia,commercial,poultry,PCZ-155,Revoked
"November 19, 2022",BC-IP036Footnote *  City of Chilliwack,British Columbia,commercial,poultry,PCZ-153,Revoked
"November 19, 2022",BC-IP035Footnote *  City of Abbotsford,British Columbia,commercial,poultry,PCZ-148,Revoked
"November 19, 2022",BC-IP034Footnote *  City of Abbotsford,British Columbia,commercial,poultry,PCZ-152,Revoked
"November 19, 2022",BC-IP033Footnote *  City of Abbotsford,British Columbia,commercial,poultry,PCZ-148,Revoked
"November 18, 2022",BC-IP032Footnote *  City of Abbotsford,British Columbia,commercial,poultry,PCZ-151,Revoked
"November 16, 2022",BC-IP031Footnote *  City of Abbotsford,British Columbia,commercial,poultry,PCZ-149,Revoked
"November 16, 2022",BC-IP030Footnote *  City of Abbotsford,British Columbia,commercial,poultry,PCZ-148,Revoked
"November 14, 2022",BC-IP029Footnote *  Regional District of Bulkley–Nechako,British Columbia,non-commercial,non-poultry,,
"October 20, 2022",BC-IP028Footnote *  Langley Township,British Columbia,commercial,poultry,PCZ-133,Revoked
"October 15, 2022",BC-IP027Footnote *  Langley Township,British Columbia,commercial,poultry,PCZ-127,Revoked
"October 12, 2022",BC-IP026Footnote *  Langley Township,British Columbia,non-commercial,non-poultry,,
"October 10, 2022",BC-IP025Footnote *  District Municipality of Saanich,British Columbia,non-commercial,poultry,PCZ-125,Revoked
"October 7, 2022",BC-IP024Footnote *  Cowichan Valley Regional District,British Columbia,non-commercial,poultry,PCZ-121,Revoked
"October 6, 2022",BC-IP023Footnote *  Capital Regional District,British Columbia,non-commercial,poultry,PCZ-120,Revoked
"September 27, 2022",BC-IP022Footnote *  District Municipality of North Cowichan,British Columbia,non-commercial,poultry,PCZ-104,Revoked
"September 18, 2022",BC-IP021Footnote *  Township of Spallumcheen,British Columbia,non-commercial,non-poultry,,
"September 15, 2022",BC-IP020Footnote *  Regional District of Cariboo,British Columbia,non-commercial,non-poultry,,
"September 12, 2022",BC-IP019Footnote *  City of Chilliwack,British Columbia,commercial,poultry,PCZ-84,Revoked
"June 18, 2022",BC-IP018Footnote *  Langley Township,British Columbia,non-commercial,poultry,PCZ-72,Revoked
"June 15, 2022",BC-IP017Footnote *  Regional District of Nanaimo,British Columbia,non-commercial,poultry,PCZ-71,Revoked
"June 8, 2022",BC-IP016Footnote *  Langley Township,British Columbia,commercial,poultry,PCZ-70,Revoked
"June 4, 2022",BC-IP015Footnote *  District of Summerland,British Columbia,non-commercial,poultry,PCZ-69,Revoked
"June 4, 2022",BC-IP014Footnote *  District Municipality of Sechelt,British Columbia,non-commercial,poultry,PCZ-68,Revoked
"June 1, 2022",BC-IP013Footnote *  Regional District of Peace River,British Columbia,non-commercial,non-poultry,,
"May 22, 2022",BC-IP012Footnote *  Regional District of Okanagan-Similkameen,British Columbia,non-commercial,poultry,PCZ-66,Revoked
"May 20, 2022",BC-IP011Footnote *  City of Abbotsford,British Columbia,commercial,poultry,PCZ-64,Revoked
"May 19, 2022",BC-IP010Footnote *  City of Richmond,British Columbia,captive wild,non-poultry,,
"May 19, 2022",BC-IP009Footnote *  City of Abbotsford,British Columbia,commercial,poultry,PCZ-64,Revoked
"May 10, 2022",BC-IP008Footnote *  Regional District of Comox Valley,British Columbia,non-commercial,poultry,PCZ-60,Revoked
"May 4, 2022",BC-IP007Footnote *  Regional District of North Okanagan,British Columbia,non-commercial,non-poultry,,
"May 4, 2022",BC-IP006Footnote *  Regional District of Central Okanagan,British Columbia,non-commercial,poultry,PCZ-57,Revoked
"May 3, 2022",BC-IP005Footnote *  Regional District of Central Okanagan,British Columbia,non-commercial,non-poultry,,
"May 3, 2022",BC-IP004Footnote *  City of Richmond,British Columbia,non-commercial,poultry,PCZ-54,Revoked
"April 27, 2022",BC-IP003Footnote *  Regional District of Central Kootenay,British Columbia,non-commercial,poultry,PCZ-47,Revoked
"April 25, 2022",BC-IP002Footnote *  City of Kelowna,British Columbia,non-commercial,non-poultry,,
"April 13, 2022",BC-IP001Footnote *  Regional District of North Okanagan,British Columbia,commercial,poultry,PCZ-24,Revoked
"November 24, 2023",MB-IP23Footnote *  Rural Municipality of West St. Paul,Manitoba,non-commercial,non-poultry,,
"November 8, 2023",MB-IP22Footnote *  Municipality of Rhineland,Manitoba,commercial,poultry,PCZ-214,Revoked
"November 17, 2022",MB-IP21Footnote *  Rural Municipality of Woodlands,Manitoba,non-commercial,non-poultry,,
"October 26, 2022",MB-IP20Footnote *  Rural Municipality of Ritchot,Manitoba,commercial,poultry,PCZ-137,Revoked
"October 24, 2022",MB-IP19Footnote *  Rural Municipality of Cartier,Manitoba,commercial,poultry,PCZ-136,Revoked
"October 7, 2022",MB-IP18Footnote *  Rural Municipality of Bifrost - Riverton,Manitoba,commercial,poultry,PCZ-118,Revoked
"October 6, 2022",MB-IP17Footnote *  Rural Municipality of Ste. Anne,Manitoba,commercial,poultry,PCZ-101,Revoked
"October 6, 2022",MB-IP16Footnote *  Rural Municipality of De Salaberry,Manitoba,commercial,poultry,PCZ-115,Revoked
"October 6, 2022",MB-IP15Footnote *  Rural Municipality of Ste. Anne,Manitoba,commercial,poultry,PCZ-101,Revoked
"October 5, 2022",MB-IP14Footnote *  Rural Municipality of Ste. Anne,Manitoba,commercial,poultry,PCZ-97,Revoked
"October 1, 2022",MB-IP13Footnote *  Rural Municipality of Ste. Anne,Manitoba,commercial,poultry,PCZ-112,Revoked
"September 30, 2022",MB-IP12Footnote *  Rural Municipality of Bifrost - Riverton,Manitoba,commercial,poultry,PCZ-111,Revoked
"September 30, 2022",MB-IP11Footnote *  Rural Municipality of Bifrost - Riverton,Manitoba,commercial,poultry,PCZ-110,Revoked
"September 27, 2022",MB-IP10Footnote *  Rural Municipality of Rockwood,Manitoba,non-commercial,non-poultry,,
"September 27, 2022",MB-IP09Footnote *  Rural Municipality of Ste. Anne,Manitoba,commercial,poultry,PCZ-101,Revoked
"September 25, 2022",MB-IP08Footnote *  Rural Municipality of Bifrost - Riverton,Manitoba,commercial,poultry,PCZ-92,Revoked
"September 22, 2022",MB-IP07Footnote *  Rural Municipality of Ste. Anne,Manitoba,commercial,poultry,PCZ 97,Revoked
"September 19, 2022",MB-IP06Footnote *  Rural Municipality of Bifrost - Riverton,Manitoba,commercial,poultry,PCZ-92,Revoked
"September 16, 2022",MB-IP05Footnote *  Rural Municipality of Cartier,Manitoba,commercial,poultry,PCZ-87,Revoked
"September 14, 2022",MB-IP04Footnote *  Rural Municipality of Cartier,Manitoba,commercial,poultry,PCZ-85,Revoked
"June 16, 2022",MB-IP03Footnote *  Rural Municipality of Louise,Manitoba,non-commercial,non-poultry,,
"June 14, 2022",MB-IP02Footnote *  Rural Municipality of Harrison Park,Manitoba,non-commercial,non-poultry,,
"April 23, 2022",MB-IP01Footnote *  Rural Municipality of Whitemouth,Manitoba,commercial,poultry,PCZ-35,Revoked
"January 11, 2023",NB-IP02Footnote *  Kent County,New Brunswick,non-commercial,non-poultry,,
"April 25, 2022",NB-IP01Footnote *  Albert County,New Brunswick,non-commercial,poultry,PCZ-42,Revoked
"January 9, 2022",NL-IP02Footnote *  Town of Conception  Bay South,Newfoundland and Labrador,non-commercial,non-poultry,,Released
"December 20, 2021",NL-IP01Footnote *  City of St. John's,Newfoundland and Labrador,non-commercial,non-poultry,,Released
"February 2, 2024",NS-IP08Footnote *  Lunenburg County,Nova Scotia,non-commercial,poultry,PCZ-232,Revoked
"January 9, 2024",NS-IP07Footnote *  Lunenburg County,Nova Scotia,non-commercial,non-poultry,,
"March 4, 2023",NS-IP06Footnote *  Yarmouth County,Nova Scotia,non-commercial,poultry,PCZ-175,Revoked
"February 7, 2023",NS-IP05Footnote *  Lunenburg County,Nova Scotia,non-commercial,non-poultry,,
"March 15, 2022",NS-IP04Footnote *  border of Halifax  County / Lunenburg County,Nova Scotia,non-commercial,non-poultry,,
"February 11, 2022",NS-IP03Footnote *  Hants County,Nova Scotia,commercial,poultry,,
"February 3, 2022",NS-IP02Footnote *  Kings County,Nova Scotia,commercial,poultry,,
"February 1, 2022",NS-IP01Footnote *  Halifax County,Nova Scotia,non-commercial,non-poultry,,
"January 30, 2024",ON-IP49Footnote *  Town of Amherstburg,Ontario,commercial,poultry,PCZ-231,Revoked
"October 19, 2023",ON-IP48Footnote *  City of Kawartha Lakes,Ontario,non-commercial,non-poultry,,
"April 19, 2023",ON-IP47Footnote *  Norfolk County,Ontario,commercial,poultry,PCZ-185,Revoked
"April 5, 2023",ON-IP46Footnote *  Municipality of Middlesex Centre,Ontario,commercial,poultry,PCZ-181,Revoked
"March 14, 2023",ON-IP45Footnote *  Township of West Lincoln,Ontario,commercial,poultry,PCZ-177,Revoked
"March 10, 2023",ON-IP44Footnote *  Municipality of Chatham-Kent,Ontario,non-commercial,poultry,PCZ-176,Revoked
"December 21, 2022",ON-IP43Footnote *  Municipality of Lambton Shores,Ontario,commercial,poultry,PCZ-167,Revoked
"December 17, 2022",ON-IP42Footnote *  Municipality of Lambton Shores,Ontario,commercial,poultry,PCZ-167,Revoked
"December 13, 2022",ON-IP41Footnote *  Municipality of Lambton Shores,Ontario,commercial,poultry,PCZ-167,Revoked
"November 27, 2022",ON-IP40Footnote *  Municipality of North Middlesex,Ontario,commercial,poultry,PCZ-160,Revoked
"November 21, 2022",ON-IP39Footnote *  Municipality of Adelaide Metcalfe,Ontario,commercial,poultry,PCZ-154,Revoked
"November 18, 2022",ON-IP38Footnote *  Municipality of Adelaide Metcalfe,Ontario,commercial,poultry,PCZ-150,Revoked
"October 26, 2022",ON-IP37Footnote *  City of Ottawa,Ontario,non-commercial,poultry,PCZ-138,Revoked
"October 18, 2022",ON-IP36Footnote *  Township of Wellesley,Ontario,commercial,poultry,PCZ-130,Revoked
"October 10, 2022",ON-IP34Footnote *  Township of East Hawkesbury,Ontario,non-commercial,poultry,PCZ-123,Revoked
"October 10, 2022",ON-IP35Footnote *  Township of Alfred and Plantagenet,Ontario,non-commercial,poultry,PCZ-124,Revoked
"October 8, 2022",ON-IP33Footnote *  Township of Alfred and Plantagenet,Ontario,non-commercial,poultry,PCZ-122,Revoked
"October 6, 2022",ON-IP32Footnote *  Township of West Lincoln,Ontario,non-commercial,non-poultry,PCZ-116,Revoked
"September 29, 2022",ON-IP31Footnote *  City of Clarence-Rockland,Ontario,commercial,poultry,PCZ-109,Revoked
"September 21, 2022",ON-IP30Footnote *  Township of Grimsby,Ontario,non-commercial,non-poultry,,
"September 20, 2022",ON-IP29Footnote *  Brant County,Ontario,non-commercial,non-poultry,,
"September 19, 2022",ON-IP28Footnote *  City of Owen Sound,Ontario,non-commercial,non-poultry,,
"September 17, 2022",ON-IP27Footnote *  Township of Zorra,Ontario,commercial,poultry,PCZ-91,Revoked
"May 18, 2022",ON-IP26Footnote *  Regional Municipality of York,Ontario,commercial,poultry,PCZ-65,Revoked
"May 10, 2022",ON-IP25Footnote *  Regional Municipality of York,Ontario,commercial,poultry,PCZ-45,Revoked
"May 6, 2022",ON-IP24Footnote *  Regional Municipality of York,Ontario,commercial,poultry,PCZ-58,Revoked
"May 4, 2022",ON-IP23Footnote *  Regional Municipality of York,Ontario,commercial,poultry,PCZ-55,Revoked
"May 4, 2022",ON-IP22Footnote *  Regional Municipality of Halton,Ontario,non-commercial,poultry,PCZ-52,Revoked
"May 5, 2022",ON-IP21Footnote *  Wellington County,Ontario,non-commercial,poultry,PCZ-51,Revoked
"April 29, 2022",ON-IP20Footnote *  Regional Municipality of York,Ontario,commercial,poultry,PCZ-45,Revoked
"April 26, 2022",ON-IP19Footnote *  Huron County,Ontario,commercial,poultry,PCZ-41,Revoked
"April 23, 2022",ON-IP18Footnote *  Peterborough County,Ontario,non-commercial,non-poultry,PCZ-38,Revoked
"April 21, 2022",ON-IP17Footnote *  Regional Municipality of York,Ontario,commercial,poultry,PCZ-33,Revoked
"April 14, 2022",ON-IP16Footnote *  Township of South Glengarry,Ontario,commercial,poultry,PCZ-22,Revoked
"April 14, 2022",ON-IP15Footnote *  City of Markham,Ontario,commercial,poultry,PCZ-06,Revoked
"April 12, 2022",ON-IP14Footnote *  City of Markham,Ontario,commercial,poultry,PCZ-06,Revoked
"April 12, 2022",ON-IP12Footnote *  Township of South Glengarry,Ontario,commercial,poultry,PCZ-10,Revoked
"April 10, 2022",ON-IP07Footnote *  Township of South Glengarry,Ontario,commercial,poultry,PCZ-10,Revoked
"April 9, 2022",ON-IP13Footnote *  Township of West Grey,Ontario,commercial,poultry,PCZ-12,Revoked
"April 6, 2022",ON-IP11Footnote *  City of Markham,Ontario,commercial,poultry,PCZ-09,Revoked
"April 6, 2022",ON-IP10Footnote *  Municipality of Chatham-Kent,Ontario,commercial,poultry,PCZ-08,Revoked
"April 5, 2022",ON-IP09Footnote *  Prince Edward County,Ontario,non-commercial,poultry,PCZ-07,Revoked
"April 5, 2022",ON-IP08Footnote *  City of Markham,Ontario,commercial,poultry,PCZ-06,Revoked
"April 4, 2022",ON-IP06Footnote *  Township of Centre Wellington,Ontario,commercial,poultry,PCZ-05,Revoked
"April 2, 2022",ON-IP05Footnote *  Township of Selwyn,Ontario,non-commercial,poultry,PCZ-04,Revoked
"March 31, 2022",ON-IP04Footnote *  Township of Chippewas of Nawash Unceded First Nation,Ontario,non-commercial,poultry,PCZ-03,Revoked
"March 30, 2022",ON-IP03Footnote *  Township of Woolwich,Ontario,commercial,poultry,PCZ-01,Revoked
"March 28, 2022",ON-IP02Footnote *  Township of Zorra,Ontario,commercial,poultry,PCZ-02,Revoked
"March 27, 2022",ON-IP01Footnote *  Township of Guelph/Eramosa,Ontario,commercial,poultry,PCZ-01,Revoked
"April 10, 2024",QC-IP54Footnote *  Haut-Saint-François Regional County Municipality,Quebec,non-commercial,non-poultry,,
"February 9, 2024",QC-IP53Footnote *  Drummond Regional County Municipality,Quebec,commercial,poultry,PCZ-233,Revoked
"January 3, 2024",QC-IP52Footnote *  Papineau Regional County Municipality,Quebec,commercial,poultry,PCZ-229,Revoked
"December 4, 2023",QC-IP51Footnote *  Les Maskoutains Regional County,Quebec,commercial,poultry,PCZ-225,Revoked
"November 20, 2023",QC-IP50Footnote *  Rouville Regional County Municipality,Quebec,commercial,poultry,PCZ-216,Revoked
"November 15, 2023",QC-IP49Footnote *  Rouville Regional County Municipality,Quebec,commercial,poultry,PCZ-216,Revoked
"October 25, 2023",QC-IP48Footnote *  Arthabaska Regional County,Quebec,commercial,poultry,PCZ-201,Revoked
"May 6, 2023",QC-IP47Footnote *  Les Maskoutains Regional County Municipality,Quebec,commercial,poultry,PCZ-190,Revoked
"April 28, 2023",QC-IP46Footnote *  Les Maskoutains Regional County Municipality,Quebec,commercial,poultry,PCZ-188,Revoked
"April 22, 2023",QC-IP45Footnote *  Les Maskoutains Regional County Municipality,Quebec,commercial,poultry,PCZ-184,Revoked
"April 22, 2023",QC-IP44Footnote *  Les Maskoutains Regional County Municipality,Quebec,commercial,poultry,PCZ-184,Revoked
"April 21, 2023",QC-IP43Footnote *  La Vallée-du-Richelieu Regional County Municipality,Quebec,commercial,poultry,PCZ-187,Revoked
"April 19, 2023",QC-IP42Footnote *  Les Maskoutains Regional County Municipality,Quebec,commercial,poultry,PCZ-184,Revoked
"April 19, 2023",QC-IP41Footnote *  Les Maskoutains Regional County Municipality,Quebec,commercial,poultry,PCZ-184,Revoked
"April 18, 2023",QC-IP39Footnote *  Les Maskoutains Regional County Municipality,Quebec,commercial,poultry,PCZ-186,Revoked
"April 18, 2023",QC-IP40Footnote *  La Vallée-du-Richelieu Regional County Municipality,Quebec,commercial,poultry,PCZ-187,Revoked
"April 17, 2023",QC-IP38Footnote *  Les Maskoutains Regional County Municipality,Quebec,commercial,poultry,PCZ-184,Revoked
"April 13, 2023",QC-IP36Footnote *  Sherbrooke,Quebec,non-commercial,poultry,PCZ-183,Revoked
"April 13, 2023",QC-IP37Footnote *  Les Maskoutains Regional County Municipality,Quebec,commercial,poultry,PCZ-182,Revoked
"April 4, 2023",QC-IP35Footnote *  Rouville Regional County Municipality,Quebec,commercial,poultry,PCZ-180,Revoked
"April 3, 2023",QC-IP34Footnote *  Rouville Regional County Municipality,Quebec,commercial,poultry,PCZ-179,Revoked
"April 3, 2023",QC-IP33Footnote *  Rouville Regional County Municipality,Quebec,commercial,poultry,PCZ-178,Revoked
"March 27, 2023",QC-IP32Footnote *  Rouville Regional County Municipality,Quebec,commercial,poultry,PCZ-178,Revoked
"February 8, 2023",QC-IP31Footnote *  Beauharnois-Salaberry Regional County Municipality,Quebec,commercial,poultry,PCZ-173,Revoked
"February 8, 2023",QC-IP30Footnote *  Le Haut-Saint-Laurent Regional County Municipality,Quebec,commercial,poultry,PCZ-174,Revoked
"February 8, 2023",QC-IP29Footnote *  Beauharnois-Salaberry Regional County Municipality,Quebec,commercial,poultry,PCZ-172,Revoked
"February 2, 2023",QC-IP28Footnote *  Beauharnois-Salaberry regional county municipality,Quebec,commercial,poultry,PCZ-172,Revoked
"February 2, 2023",QC-IP27Footnote *  Le Haut-Saint-Laurent Regional County Municipality,Quebec,commercial,poultry,PCZ-173,Revoked
"February 2, 2023",QC-IP26Footnote *  Beauharnois-Salaberry Regional County Municipality,Quebec,commercial,poultry,PCZ-173,Revoked
"January 31, 2023",QC-IP25Footnote *  Beauharnois-Salaberry Regional County Municipality,Quebec,commercial,poultry,PCZ-172,Revoked
"January 31, 2023",QC-IP24Footnote *  Le Haut-Saint-Laurent Regional County Municipality,Quebec,commercial,poultry,PCZ-172,Revoked
"December 6, 2022",QC-IP23Footnote *  Drummond Regional County Municipality,Quebec,non-commercial,poultry,PCZ-163,Revoked
"November 5, 2022",QC-IP22Footnote *  Rouville Regional County Municipality,Quebec,commercial,poultry,PCZ-143,Revoked
"November 2, 2022",QC-IP21Footnote *  Nouvelle-Beauce Regional County Municipality,Quebec,non-commercial,non-poultry,,
"October 31, 2022",QC-IP20Footnote *  Rouville Regional County Municipality,Quebec,commercial,poultry,PCZ-143,Revoked
"October 27, 2022",QC-IP19Footnote *  Rouville Regional County Municipality,Quebec,commercial,poultry,PCZ-141,Revoked
"October 22, 2022",QC-IP18Footnote *  L'Érable Regional County Municipality,Quebec,commercial,poultry,PCZ-135,Revoked
"October 18, 2022",QC-IP17Footnote *  La Haute-Yamaska Regional County Municipality,Quebec,commercial,poultry,PCZ-129,Revoked
"October 18, 2022",QC-IP16Footnote *  La Haute-Yamaska Regional County Municipality,Quebec,commercial,poultry,PCZ-128,Revoked
"October 16, 2022",QC-IP15Footnote *  Drummond Regional County Municipality,Quebec,non-commercial,non-poultry,,
"October 15, 2022",QC-IP14Footnote *  Roussillon Regional County Municipality,Quebec,non-commercial,poultry,PCZ-126,Revoked
"October 7, 2022",QC-IP13Footnote *  Les Jardins-de-Napierville Regional County Municipality,Quebec,commercial,poultry,PCZ-117,Revoked
"August 1, 2022",QC-IP12Footnote *  La Jacques-Cartier Regional County Municipality,Quebec,commercial,poultry,PCZ-76,Revoked
"July 21, 2022",QC-IP11Footnote *  La Jacques-Cartier Regional County Municipality,Quebec,commercial,poultry,PCZ-74,Revoked
"July 9, 2022",QC-IP10Footnote *  La Jacques-Cartier Regional County Municipality,Quebec,commercial,poultry,PCZ-73,Revoked
"July 3, 2022",QC-IP09Footnote *  La Jacques-Cartier Regional County Municipality,Quebec,commercial,poultry,PCZ-73,Revoked
"June 28, 2022",QC-IP08Footnote *  La Jacques-Cartier Regional County Municipality,Quebec,commercial,poultry,PCZ-73,Revoked
"May 4, 2022",QC-IP07Footnote *  La Rivière-du-Nord Regional County Municipality,Quebec,non-commercial,non-poultry,,
"May 3, 2022",QC-IP06Footnote *  Le Haut-Saint-Laurent Regional County Municipality,Quebec,non-commercial,poultry,PCZ-53,Revoked
"April 21, 2022",QC-IP05Footnote *  Les Sources Regional County Municipality,Quebec,commercial,poultry,PCZ-32,Revoked
"April 17, 2022",QC-IP04Footnote *  Les Sources Regional County Municipality,Quebec,commercial,poultry,PCZ-28,Revoked
"April 14, 2022",QC-IP03Footnote *  Brome-Missisquoi Regional County Municipality,Quebec,commercial,poultry,PCZ-23,Revoked
"April 13, 2022",QC-IP02Footnote *  Le Haut-Saint-François Regional County Municipality,Quebec,non-commercial,poultry,PCZ-21,Revoked
"April 12, 2022",QC-IP01Footnote *  La Val-Saint-François Regional County Municipality,Quebec,commercial,poultry,PCZ-18,Revoked
"January 15, 2024",SK-IP44Footnote *  Rural Municipality of Leask No. 464,Saskatchewan,non-commercial,poultry,PCZ-230,Revoked
"November 18, 2023",SK-IP43Footnote *  Rural Municipality of Meadow Lake No. 588,Saskatchewan,non-commercial,non-poultry,,
"November 15, 2023",SK-IP42Footnote *  Rural Municipality of Willow Bunch No. 42,Saskatchewan,non-commercial,non-poultry,,
"November 15, 2023",SK-IP41Footnote *  Rural Municipality of Meadow Lake No. 588,Saskatchewan,non-commercial,poultry,PCZ-219,Revoked
"November 11, 2023",SK-IP40Footnote *  Rural Municipality of Bayne No. 371,Saskatchewan,non-commercial,poultry,PCZ-217,Revoked
"November 10, 2023",SK-IP39Footnote *  Rural Municipality of Prince Albert No. 461,Saskatchewan,non-commercial,non-poultry,,
"November 4, 2023",SK-IP38Footnote *  Rural Municipality of Rosthern No. 403,Saskatchewan,commercial,poultry,PCZ-208,Revoked
"November 1, 2023",SK-IP37Footnote *  Rural Municipality of Aberdeen No. 373,Saskatchewan,commercial,poultry,PCZ-205,Revoked
"November 1, 2023",SK-IP36Footnote *  Rural Municipality of Huron No. 223,Saskatchewan,commercial,poultry,PCZ-204,Revoked
"October 31, 2023",SK-IP35Footnote *  Rural Municipality of Fertile Valley No. 285,Saskatchewan,commercial,poultry,PCZ-203,Revoked
"October 31, 2023",SK-IP34Footnote *  Rural Municipality of Laird No. 404,Saskatchewan,commercial,poultry,PCZ-202,Revoked
"September 21, 2023",SK-IP33Footnote *  Rural Municipality of Maple Creek No. 111,Saskatchewan,commercial,poultry,PCZ-192,Revoked
"November 14, 2022",SK-IP32Footnote *  Rural Municipality of Humboldt No. 370,Saskatchewan,commercial,poultry,PCZ-146,Revoked
"November 9, 2022",SK-IP31Footnote *  Rural Municipality of Francis No. 127,Saskatchewan,non-commercial,poultry,PCZ-145,Revoked
"October 27, 2022",SK-IP30Footnote *  Rural Municipality of Fertile Belt No. 183,Saskatchewan,non-commercial,poultry,PCZ-140,Revoked
"October 27, 2022",SK-IP29Footnote *  Rural Municipality of Hoodoo No. 401,Saskatchewan,commercial,poultry,PCZ-139,Revoked
"October 21, 2022",SK-IP28Footnote *  Rural Municipality of Beaver River No. 622,Saskatchewan,non-commercial,poultry,PCZ-134,Revoked
"October 19, 2022",SK-IP27Footnote *  Rural Municipality of Hoodoo No. 401,Saskatchewan,commercial,poultry,PCZ-132,Revoked
"October 19, 2022",SK-IP26Footnote *  Rural Municipality of Fish Creek No. 402,Saskatchewan,non-commercial,poultry,PCZ-131,Revoked
"October 14, 2022",SK-IP25Footnote *  Rural Municipality of Hazel Dell No. 335,Saskatchewan,non-commercial,non-poultry,,
"October 7, 2022",SK-IP24Footnote *  Rural Municipality of Monet No. 257,Saskatchewan,commercial,poultry,PCZ-119,Revoked
"October 5, 2022",SK-IP23Footnote *  Rural Municipality of Lumsden No. 189,Saskatchewan,commercial,poultry,PCZ-114,Revoked
"September 30, 2022",SK-IP22Footnote *  Rural Municipality of Redburn No. 130,Saskatchewan,commercial,poultry,PCZ-107,Revoked
"September 29, 2022",SK-IP21Footnote *  Rural Municipality of Buckland No. 491,Saskatchewan,non-commercial,non-poultry,,
"September 28, 2022",SK-IP20Footnote *  Rural Municipality of Spiritwood No. 496,Saskatchewan,non-commercial,poultry,PCZ-108,Revoked
"September 28, 2022",SK-IP19Footnote *  Rural Municipality of Weyburn No. 67,Saskatchewan,non-commercial,poultry,PCZ-105,Revoked
"September 24, 2022",SK-IP18Footnote *  Rural Municipality of Britannia No. 502,Saskatchewan,commercial,poultry,PCZ-99,Revoked
"September 19, 2022",SK-IP17Footnote *  Rural Municipality of Laird No. 404,Saskatchewan,commercial,poultry,PCZ-94,Revoked
"September 16, 2022",SK-IP16Footnote *  Rural Municipality of Shellbrook No. 493,Saskatchewan,non-commercial,non-poultry,,
"September 12, 2022",SK-IP15Footnote *  Rural Municipality of Cut Knife No. 439,Saskatchewan,commercial,poultry,PCZ-83,Revoked
"September 9, 2022",SK-IP14Footnote *  Rural Municipality of Laird No. 404,Saskatchewan,commercial,poultry,PCZ-80,Revoked
"May 25, 2022",SK-IP13Footnote *  Rural Municipality of Indian Head No. 156,Saskatchewan,non-commercial,poultry,PCZ-67,Revoked
"May 13, 2022",SK-IP12Footnote *  Rural Municipality of Cymri No. 36,Saskatchewan,non-commercial,poultry,PCZ-63,Revoked
"May 13, 2022",SK-IP11Footnote *  Rural Municipality of Moose Jaw No. 161,Saskatchewan,non-commercial,non-poultry,,
"May 13, 2022",SK-IP10Footnote *  Rural Municipality of Golden West No. 95,Saskatchewan,non-commercial,poultry,PCZ-62,Revoked
"May 11, 2022",SK-IP09Footnote *  Rural Municipality of Aberdeen No. 373,Saskatchewan,non-commercial,non-poultry,,
"May 4, 2022",SK-IP08Footnote *  Rural Municipality of Baildon No. 131,Saskatchewan,commercial,poultry,PCZ-56,Revoked
"April 27, 2022",SK-IP07Footnote *  Rural Municipality of Kingsley No. 124,Saskatchewan,non-commercial,poultry,PCZ-46,Revoked
"April 26, 2022",SK-IP06Footnote *  Rural Municipality of Montrose No. 315,Saskatchewan,commercial,poultry,PCZ-44,Revoked
"April 24, 2022",SK-IP05Footnote *  Rural Municipality of Carmichael No. 109,Saskatchewan,commercial,poultry,PCZ-40,Revoked
"April 22, 2022",SK-IP04Footnote *  Rural Municipality of Morse No. 165,Saskatchewan,commercial,poultry,PCZ-36,Revoked
"April 22, 2022",SK-IP03Footnote *  Rural Municipality of Loreburn No. 254,Saskatchewan,non-commercial,non-poultry,,
"April 16, 2022",SK-IP02Footnote *  Rural Municipality of Loreburn No. 254,Saskatchewan,commercial,poultry,PCZ-30A,Revoked
"April 15, 2022",SK-IP01Footnote *  Rural Municipality of Moose Creek No. 63,Saskatchewan,commercial,poultry,PCZ-29,Revoked
